s6MHXDw0iWooiiUzD9dF;Thu Oct 19 16:41:34 MSK 2017
ZXJlhACw7ibO9NQTfQxC;Thu Oct 19 16:41:34 MSK 2017
OZhturxWu99paeXaP0Vm;Thu Oct 19 16:41:37 MSK 2017
G22ETIJ2cKFroJ9dq2zo;Thu Oct 19 16:41:40 MSK 2017
MuUQAD6P49HpyxdjBSHf;Thu Oct 19 16:41:43 MSK 2017
aQ0byiRaWmMoAPgSrh3Y;Thu Oct 19 16:41:46 MSK 2017
PdgmGEvUXFYxNfSMI2HT;Thu Oct 19 16:41:49 MSK 2017
sJL45cAqrBy4LtTjgjN1;Thu Oct 19 16:41:52 MSK 2017
SDFCwg8HS8rsLLd4IV19;Thu Oct 19 16:41:55 MSK 2017
yofq6jui44kclMa5ZRBa;Thu Oct 19 16:41:58 MSK 2017
